<PAMDataset>
  <Metadata/>
  <Metadata domain="ESRI">
    <MDI key="PyramidResamplingType">NEAREST</MDI>
  </Metadata>
  <PAMRasterBand band="1">
    <Histograms>
      <HistItem>
        <HistMin>-700</HistMin>
        <HistMax>700</HistMax>
        <BucketCount>256</BucketCount>
        <IncludeOutOfRange>1</IncludeOutOfRange>
        <Approximate>0</Approximate>
        <HistCounts>4|0|0|0|0|0|0|0|0|0|0|0|0|0|0|0|0|0|6|0|0|0|0|0|0|0|0|0|0|0|0|0|0|0|0|0|315|0|0|0|0|0|0|0|0|0|0|0|0|0|0|0|0|0|0|0|0|0|0|0|0|0|0|0|0|0|0|0|0|0|0|0|38|0|0|0|0|0|0|0|0|0|0|0|0|0|0|0|0|0|0|0|0|0|0|0|0|0|0|0|0|0|0|0|0|0|0|0|0|41|0|0|0|0|0|0|0|0|0|0|0|0|0|0|0|0|0|0|0|0|0|0|0|0|0|0|0|0|0|0|0|0|0|0|0|1576|0|0|0|0|0|0|0|0|0|0|0|0|0|0|0|0|0|0|0|0|0|0|0|0|0|0|0|0|0|0|0|0|0|0|0|0|446|0|0|0|0|0|0|0|0|0|0|0|0|0|0|0|0|0|119|0|0|0|0|0|0|0|0|0|0|0|0|0|0|0|0|0|7804|0|0|0|0|0|0|0|0|0|0|0|0|0|0|0|0|0|37|0|0|0|0|0|0|0|0|0|0|0|0|0|0|0|0|0|0|18</HistCounts>
      </HistItem>
    </Histograms>
    <GDALRasterAttributeTable>
      <FieldDefn index="0">
        <Name>Rowid</Name>
        <Type>0</Type>
        <Usage>0</Usage>
      </FieldDefn>
      <FieldDefn index="1">
        <Name>VALUE</Name>
        <Type>0</Type>
        <Usage>0</Usage>
      </FieldDefn>
      <FieldDefn index="2">
        <Name>COUNT</Name>
        <Type>0</Type>
        <Usage>0</Usage>
      </FieldDefn>
      <Row index="0">
        <F>0</F>
        <F>-700</F>
        <F>4</F>
      </Row>
      <Row index="1">
        <F>1</F>
        <F>-600</F>
        <F>6</F>
      </Row>
      <Row index="2">
        <F>2</F>
        <F>-500</F>
        <F>315</F>
      </Row>
      <Row index="3">
        <F>3</F>
        <F>-300</F>
        <F>38</F>
      </Row>
      <Row index="4">
        <F>4</F>
        <F>-100</F>
        <F>41</F>
      </Row>
      <Row index="5">
        <F>5</F>
        <F>100</F>
        <F>1576</F>
      </Row>
      <Row index="6">
        <F>6</F>
        <F>300</F>
        <F>446</F>
      </Row>
      <Row index="7">
        <F>7</F>
        <F>400</F>
        <F>119</F>
      </Row>
      <Row index="8">
        <F>8</F>
        <F>500</F>
        <F>7804</F>
      </Row>
      <Row index="9">
        <F>9</F>
        <F>600</F>
        <F>37</F>
      </Row>
      <Row index="10">
        <F>10</F>
        <F>700</F>
        <F>18</F>
      </Row>
    </GDALRasterAttributeTable>
  </PAMRasterBand>
</PAMDataset>
